{"cameraMode":{"drawMode":0,"name":"Shaded","section":"Shading Mode"},"sceneLighting":true,"audioPlay":false,"sceneViewState":{"showFog":true,"showMaterialUpdate":false,"showSkybox":true,"showFlares":true,"showImageEffects":true,"showParticleSystems":true,"showVisualEffectGraphs":true,"m_FxEnabled":true},"in2DMode":false,"pivot":{"x":2.0426268577575685,"y":1.7597531080245972,"z":-7.595370769500732},"rotation":{"x":0.0027160895988345148,"y":0.996062695980072,"z":-0.03288150951266289,"w":0.08236122131347656},"size":0.5076489448547363,"orthographic":false}