{"cameraMode":{"drawMode":0,"name":"Shaded","section":"Shading Mode"},"sceneLighting":true,"audioPlay":false,"sceneViewState":{"showFog":true,"showMaterialUpdate":false,"showSkybox":true,"showFlares":true,"showImageEffects":true,"showParticleSystems":true,"showVisualEffectGraphs":true,"m_FxEnabled":true},"in2DMode":false,"pivot":{"x":68.40000915527344,"y":25.55999755859375,"z":7.0800018310546879},"rotation":{"x":-0.025254100561141969,"y":-0.9746907949447632,"z":0.15211422741413117,"w":-0.16201254725456239},"size":386.20782470703127,"orthographic":false}