{"cameraMode":{"drawMode":0,"name":"Shaded","section":"Shading Mode"},"sceneLighting":false,"audioPlay":false,"sceneViewState":{"showFog":true,"showMaterialUpdate":false,"showSkybox":false,"showFlares":true,"showImageEffects":true,"showParticleSystems":true,"showVisualEffectGraphs":true,"m_FxEnabled":true},"in2DMode":false,"pivot":{"x":-0.00031498074531555176,"y":0.8903812766075134,"z":0.038961008191108707},"rotation":{"x":-0.33382782340049746,"y":0.03075784631073475,"z":-0.010283047333359719,"w":-0.9421610832214356},"size":1.1458131074905396,"orthographic":false}